Vernice,vscraney0@wired.com,Female
Holly-anne,hluciano1@nationalgeographic.com,Female
Katie,kthorley2@senate.gov,Female
Shelton,svakhrushev3@feedburner.com,Male
Lula,lgransden4@ask.com,Female
Melva,mcrilley5@live.com,Female
Lorie,lallingham6@bbb.org,Female
Tracy,tgregory7@ameblo.jp,Female
Roma,rsymones8@intel.com,Male
Blancha,brillatt9@soup.io,Female
Perren,pfranscionia@mapy.cz,Male
Kizzie,kcrimb@answers.com,Female
Evangelina,eiamittiic@buzzfeed.com,Female
Sharai,swarrickerd@histats.com,Female
Gunner,ghassene@slashdot.org,Male
Renaud,rkoppf@blogger.com,Male
Natal,nwalerang@bizjournals.com,Male
Evan,ethornallyh@economist.com,Male
Cordelia,cdenei@adobe.com,Female
Dacie,derbej@themeforest.net,Female
Hanna,hleilk@youtu.be,Female
Alonzo,aascroftel@cnbc.com,Male
Hagen,hyakobowitchm@virginia.edu,Male
Caryl,ccrundenn@t.co,Male
Hermon,hmerrieno@t.co,Male
Morry,maddeyp@huffingtonpost.com,Male
Warden,wfermerq@bing.com,Male
Sawyer,sgoldsberryr@com.com,Male
Esdras,ekieranss@goodreads.com,Male
Debora,dhamlyt@privacy.gov.au,Female
Dagmar,ddouchu@stanford.edu,Female
Modestine,mjeacopv@microsoft.com,Female
Barri,bharcombew@un.org,Male
Lanae,lkrausex@mtv.com,Female
Umberto,udellowy@huffingtonpost.com,Male
Esdras,erennisonz@4shared.com,Male
Rem,rancliffe10@goo.ne.jp,Male
Harley,hcracie11@diigo.com,Male
Ali,aschimek12@biglobe.ne.jp,Female
Edik,evalentine13@skype.com,Male
Erminia,edehmel14@theatlantic.com,Female
Merna,mtaleworth15@feedburner.com,Female
Geoffry,ghollow16@quantcast.com,Male
Brittne,bcaldecott17@over-blog.com,Female
Olwen,opiegrome18@indiegogo.com,Female
Justis,jmcpeeters19@imgur.com,Male
Monika,mleon1a@printfriendly.com,Female
Pete,ptonna1b@4shared.com,Male
Nathanil,nbomb1c@who.int,Male
Stella,slytell1d@ameblo.jp,Female
Charles,cautry1e@ca.gov,Male
Reina,rcrossby1f@berkeley.edu,Female
Corenda,ctodman1g@baidu.com,Female
Rab,rmckall1h@simplemachines.org,Male
Taylor,tvaudre1i@slate.com,Male
Barbra,bellice1j@amazon.co.uk,Genderqueer
Skipp,swalklate1k@stanford.edu,Male
Maxy,mcumming1l@marketwatch.com,Male
Frederick,ffulep1m@ustream.tv,Male
Ingar,ipitcher1n@dion.ne.jp,Male
Pippo,pboal1o@hostgator.com,Male
Honey,hsokale1p@icio.us,Female
Margette,msarre1q@acquirethisname.com,Polygender
Broderic,bdegregario1r@gizmodo.com,Male
Tadeas,tsandeman1s@digg.com,Male
Stanton,sream1t@alibaba.com,Male
Forrest,faskam1u@guardian.co.uk,Male
Jean,jkienlein1v@slashdot.org,Female
Marleen,mfaithfull1w@dot.gov,Female
Juli,jeger1x@gov.uk,Female
Alyda,adetocqueville1y@prweb.com,Female
Lissy,lworden1z@bravesites.com,Female
Lind,lthain20@archive.org,Male
Myrilla,mdefraine21@gizmodo.com,Female
Teriann,thupka22@admin.ch,Female
Arlana,afrear23@furl.net,Non-binary
Baron,bknowlman24@issuu.com,Male
Caressa,cbold25@woothemes.com,Female
Paddy,precords26@nih.gov,Male
Porter,ptackell27@skype.com,Male
Tonya,tmcgann28@europa.eu,Polygender
Tracey,tabramov29@wikimedia.org,Genderqueer
Cary,ctedridge2a@yelp.com,Female
Bendite,bgusticke2b@gnu.org,Female
Vassili,vroddam2c@ucla.edu,Male
Marris,marmsby2d@4shared.com,Female
Junina,jdunlap2e@sfgate.com,Female
Branden,bknevet2f@discovery.com,Male
Joycelin,jrostron2g@answers.com,Female
Oby,orestieaux2h@psu.edu,Male
Meryl,mklosterman2i@skyrock.com,Female
Boris,bpevie2j@sfgate.com,Male
Creight,cgiacobini2k@shareasale.com,Male
Zaccaria,zsherrett2l@telegraph.co.uk,Male
Lucky,lgozzett2m@nymag.com,Female
Melicent,mmaccarlich2n@goodreads.com,Female
Gearalt,gsamweyes2o@naver.com,Male
Linea,lbister2p@ox.ac.uk,Non-binary
Zonnya,zfilyukov2q@slideshare.net,Female
Dani,dgavozzi2r@slideshare.net,Male
Addison,aramet2s@columbia.edu,Male
Timotheus,tlibbis2t@goo.gl,Male
Jerrie,joffener2u@cdc.gov,Male
Andris,acabena2v@ocn.ne.jp,Male
Wynny,wluppitt2w@nasa.gov,Female
Arnoldo,arutherford2x@blog.com,Male
Mame,mdevanney2y@harvard.edu,Female
Dolf,dcowhig2z@fastcompany.com,Male
Georgie,grambadt30@addthis.com,Female
Ludovika,lkeaysell31@fema.gov,Female
Walt,wbiddulph32@hp.com,Male
Trudi,tblumer33@flickr.com,Female
Bibbie,bscandred34@msn.com,Female
Aurelea,adelacoste35@ycombinator.com,Female
Sayres,szeal36@1688.com,Male
Rosaleen,rbartalot37@opensource.org,Female
Ware,wgiraudo38@aboutads.info,Male
Hunfredo,hsambedge39@tinyurl.com,Male
Skipp,sdigregorio3a@pinterest.com,Male
Llywellyn,lliffe3b@eventbrite.com,Genderqueer
Dougie,dkelsell3c@reddit.com,Male
Vanna,vcorradi3d@nhs.uk,Female
Maryrose,msidgwick3e@indiatimes.com,Female
Doria,dkahn3f@goo.gl,Female
Karlyn,knewlin3g@geocities.jp,Female
Pauly,pcrellin3h@auda.org.au,Agender
Adaline,abodicam3i@uol.com.br,Female
Den,dfrenzl3j@bbc.co.uk,Genderqueer
Valentia,vbodd3k@shop-pro.jp,Female
Mohammed,mbucky3l@xrea.com,Male
Nappy,ndudson3m@ebay.com,Male
Torrance,tgillise3n@seattletimes.com,Male
Terri,tsains3o@columbia.edu,Agender
Dulsea,dgazzard3p@weebly.com,Genderfluid
Gerry,gfawson3q@apache.org,Female
Aland,abacksal3r@instagram.com,Male
Andras,agoggan3s@diigo.com,Male
Danie,dramsdale3t@howstuffworks.com,Male
Tatiana,tmelesk3u@etsy.com,Female
Emmy,ecordeau3v@pen.io,Female
Dawna,difill3w@yahoo.co.jp,Female
Nelly,nboobier3x@unicef.org,Female
Corrinne,chumpherston3y@addtoany.com,Female
Rip,rbenasik3z@technorati.com,Genderqueer
Meggy,mgrose40@bloglines.com,Female
Gerty,glauridsen41@google.com.au,Female
Robert,rhillin42@washington.edu,Male
Matty,mjulyan43@naver.com,Genderqueer
Tyne,ttuley44@slate.com,Female
Buck,bconville45@jimdo.com,Male
Ninette,nlunam46@furl.net,Female
Marlene,mreder47@opensource.org,Female
Bernie,britmeyer48@ovh.net,Female
Allistir,aescalante49@merriam-webster.com,Male
Bond,bstuther4a@nbcnews.com,Male
Dick,dtibald4b@tripadvisor.com,Bigender
Rorie,rlocal4c@apple.com,Female
Whitney,wmolder4d@epa.gov,Female
Marcel,mgulston4e@walmart.com,Male
Ethelin,eartingstall4f@sitemeter.com,Female
Sibylla,szeal4g@sfgate.com,Female
Vivian,vfleet4h@ox.ac.uk,Genderqueer
Grace,gmerrilees4i@bbb.org,Male
Colver,cschimpke4j@yale.edu,Male
Lyn,lgodmar4k@amazonaws.com,Male
Donalt,dmatas4l@moonfruit.com,Polygender
Ignatius,igreenside4m@ovh.net,Male
Dianne,dmccobb4n@admin.ch,Female
Sergent,shinstock4o@hostgator.com,Male
Verena,vjakoubek4p@elpais.com,Female
Clarence,cblowfield4q@deliciousdays.com,Male
Sydelle,spoinsett4r@guardian.co.uk,Female
Eldredge,ebohlmann4s@google.com.hk,Male
Jocko,jlukas4t@woothemes.com,Male
Joana,jgedge4u@1und1.de,Female
Haleigh,hsettle4v@senate.gov,Female
Debbi,dszymanzyk4w@cloudflare.com,Female
Jacklyn,jskippon4x@vkontakte.ru,Female
Jolyn,jaickin4y@123-reg.co.uk,Female
Priscilla,pnowlan4z@google.cn,Female
Hayward,htruce50@pagesperso-orange.fr,Male
Berri,bbasire51@europa.eu,Agender
Dal,dcough52@aol.com,Male
Amalea,agossage53@zdnet.com,Female
Ethan,ecolly54@biglobe.ne.jp,Male
Ted,tcoupar55@arizona.edu,Female
Maddie,marrell56@msu.edu,Female
Edvard,ecolloby57@hexun.com,Male
Nicol,ncreggan58@alexa.com,Male
Donnamarie,dreims59@freewebs.com,Female
Zonnya,zelsworth5a@theglobeandmail.com,Female
Hubie,hmurrum5b@google.es,Male
Pierette,pfarnhill5c@epa.gov,Female
Mariana,misselee5d@latimes.com,Female
Elbert,ekirstein5e@woothemes.com,Bigender
Freddy,ffforde5f@trellian.com,Male
Eugenius,emceneny5g@ow.ly,Male
Bobine,bberceros5h@yahoo.com,Female
Alfie,amunton5i@spiegel.de,Male
Liane,lbebbell5j@bloglovin.com,Female
Kelsy,kmcguggy5k@com.com,Female
Haven,hfairlaw5l@quantcast.com,Bigender
Frank,fvashchenko5m@dropbox.com,Male
Kimmi,kbonnell5n@baidu.com,Female
Reinwald,rjeness5o@fc2.com,Male
Alicea,anewiss5p@va.gov,Female
Caesar,cyakushkin5q@time.com,Male
Isidora,ipittford5r@psu.edu,Female
Gaelan,gciccerale5s@va.gov,Male
Tate,tlettsom5t@people.com.cn,Polygender
Had,hdoorly5u@hhs.gov,Male
Kevan,kscargle5v@godaddy.com,Male
Gabriele,gveschambre5w@state.gov,Male
Nikoletta,nmewe5x@topsy.com,Female
Mollie,mitshak5y@reverbnation.com,Female
Imogen,imusker5z@t-online.de,Female
Marga,mjerrems60@wsj.com,Female
Octavia,ohopfner61@senate.gov,Female
Abner,apearcehouse62@springer.com,Male
Cyndia,cgarrelts63@live.com,Female
Dionysus,dashtonhurst64@wunderground.com,Male
Ash,alind65@archive.org,Male
Denis,dwoodstock66@surveymonkey.com,Male
Allistir,apetruk67@unesco.org,Male
Randolf,rdulanty68@yelp.com,Male
Chrissy,cdary69@multiply.com,Bigender
Allen,aroscher6a@mapy.cz,Genderqueer
Laurena,lnoriega6b@washington.edu,Female
Sofie,sbester6c@barnesandnoble.com,Female
Tybie,tgaddesby6d@indiatimes.com,Female
Christa,cskipworth6e@fotki.com,Female
Meridel,mmassard6f@seattletimes.com,Female
Christian,crichie6g@sakura.ne.jp,Male
Rene,rupton6h@senate.gov,Female
Marthena,mblagburn6i@ft.com,Female
Andres,abenedyktowicz6j@paypal.com,Male
Skyler,sburgen6k@google.com.hk,Male
Eddie,egore6l@bizjournals.com,Agender
Mal,mbrowett6m@mlb.com,Male
Dalton,dlayne6n@arizona.edu,Male
Walton,wathelstan6o@prnewswire.com,Male
Clayborn,ccauston6p@51.la,Male
Ninnette,nfillery6q@ask.com,Female
Delbert,dbaglow6r@google.fr,Male
Amelita,aandreolli6s@dyndns.org,Female
Wenda,wsummerhayes6t@psu.edu,Female
Jere,jwyer6u@360.cn,Female
Margie,mdantuoni6v@webeden.co.uk,Genderqueer
Ransom,rputtan6w@paypal.com,Male
Ertha,ecresser6x@gravatar.com,Female
Ardath,apirdue6y@cyberchimps.com,Female
Tyrone,tfryatt6z@soundcloud.com,Male
Tarah,tfeldmesser70@mail.ru,Female
Dewitt,ddyka71@theguardian.com,Male
Wit,wwoodvine72@g.co,Male
Broddie,bmctrustey73@etsy.com,Male
Christoforo,cgrabiec74@addtoany.com,Genderfluid
Byron,bswatradge75@live.com,Male
Andra,acardnell76@taobao.com,Female
Kitty,kfoyster77@blogspot.com,Female
Brandon,bfranke78@biblegateway.com,Male
Mercedes,mnoore79@utexas.edu,Bigender
Meta,mparr7a@answers.com,Genderfluid
Diane,dbeumant7b@yelp.com,Female
Nickie,norrett7c@abc.net.au,Female
Yolande,yraeburn7d@ftc.gov,Female
Fiann,fplatt7e@creativecommons.org,Female
Aubrette,awyard7f@wisc.edu,Female
Brittni,bhamnet7g@cisco.com,Female
Silvio,sbowbrick7h@dyndns.org,Genderqueer
Angy,ahaylor7i@domainmarket.com,Female
Lilah,lscullin7j@nps.gov,Female
Erinn,ewigfield7k@t.co,Female
Diarmid,dodare7l@cam.ac.uk,Male
Nancey,nwasbrough7m@deviantart.com,Female
Traver,tchivrall7n@chron.com,Male
Pyotr,pbuddle7o@vkontakte.ru,Male
Dacy,dkedslie7p@mayoclinic.com,Female
Derrek,deynon7q@seesaa.net,Male
Wiley,wbrodnecke7r@weebly.com,Male
Ives,izottoli7s@ox.ac.uk,Male
Farica,fmitchinson7t@webeden.co.uk,Female
Barclay,bcarayol7u@ucsd.edu,Male
Brandi,brandalston7v@scribd.com,Non-binary
Mano,mkatt7w@eepurl.com,Male
Valentina,vabys7x@blog.com,Female
Basilio,bpaolazzi7y@edublogs.org,Male
Christan,cbrickham7z@psu.edu,Female
Julio,jcremen80@noaa.gov,Non-binary
Fan,ftomasino81@businessweek.com,Female
Blanca,baime82@nationalgeographic.com,Female
Ozzy,otofts83@walmart.com,Male
Ardyth,amccarron84@de.vu,Female
Christyna,cwaple85@disqus.com,Female
Steffen,sheilds86@baidu.com,Male
Rene,rbourgour87@wix.com,Female
Franz,fsher88@purevolume.com,Male
Olivie,ofetherby89@1688.com,Female
Jammal,jhrinishin8a@rediff.com,Male
Selene,sgarretts8b@flavors.me,Female
Janel,jmaccurlye8c@vistaprint.com,Female
Velvet,vtumulty8d@joomla.org,Female
Wenonah,wgullifant8e@purevolume.com,Female
Tasia,tmannix8f@pinterest.com,Agender
Theda,tseares8g@godaddy.com,Female
Lesly,lforsaith8h@msu.edu,Female
Sebastien,swaything8i@dropbox.com,Male
Andie,abarbrook8j@techcrunch.com,Male
Avril,aflinders8k@hexun.com,Female
Anson,ariggert8l@mapy.cz,Male
Scotti,smichiel8m@wunderground.com,Male
Kaspar,kcarrane8n@unicef.org,Male
Alphard,alinstead8o@cisco.com,Male
Dalila,dschoffel8p@delicious.com,Female
Jsandye,jloveguard8q@europa.eu,Female
Bobbi,brolinson8r@amazon.com,Female
Stanley,ssugden8s@jugem.jp,Male
Millicent,mleyburn8t@nba.com,Female
Gerry,gwisedale8u@cisco.com,Female
Stacia,sbraker8v@latimes.com,Female
Madge,mros8w@prnewswire.com,Female
Ferdy,fduchart8x@craigslist.org,Non-binary
Traci,tvickerman8y@taobao.com,Female
Dorie,ddeakin8z@uiuc.edu,Female
Brendon,bmatelaitis90@delicious.com,Male
Siward,sgawkroge91@buzzfeed.com,Male
Claus,cgodbold92@amazon.co.uk,Male
Denis,dmillmore93@yale.edu,Male
Kathy,kcastree94@freewebs.com,Female
Stanislaus,swainscot95@devhub.com,Male
Cary,cabby96@hostgator.com,Male
Cristy,ccarpmile97@ucoz.ru,Female
Fancy,fkermit98@archive.org,Female
Mile,mdachey99@jalbum.net,Male
Jere,jmarkussen9a@paypal.com,Non-binary
Delmar,dvesty9b@hubpages.com,Male
Gwyneth,gferrer9c@irs.gov,Female
Breena,bbuggs9d@usgs.gov,Female
Dory,droxburgh9e@themeforest.net,Male
Sanson,spalister9f@fastcompany.com,Male
Ardelis,ameegan9g@sina.com.cn,Female
Chrissy,cfellis9h@tinypic.com,Female
Les,lbrixey9i@macromedia.com,Male
Malena,mpranger9j@bluehost.com,Female
Sherrie,sdachey9k@yahoo.com,Female
Iormina,icouser9l@umn.edu,Female
Todd,tkops9m@independent.co.uk,Male
Madeleine,mschaben9n@clickbank.net,Female
Hendrik,htreadaway9o@jimdo.com,Male
Bertha,bdawton9p@google.com.hk,Female
Anna-diane,abiddle9q@dailymotion.com,Female
Shalom,ssouthby9r@hibu.com,Male
Harrison,htaverner9s@netlog.com,Male
Marabel,mleeves9t@go.com,Female
Bree,bwarke9u@delicious.com,Female
Averyl,adegoy9v@ehow.com,Female
Farrel,friseborough9w@walmart.com,Male
Francis,fturtle9x@loc.gov,Male
Pryce,pdutnell9y@goodreads.com,Male
Alyse,aalpe9z@forbes.com,Female
Nariko,nbonhana0@narod.ru,Female
Lorettalorna,lcockitta1@dell.com,Female
Loreen,lgaddesbya2@360.cn,Female
Delphinia,dastiea3@printfriendly.com,Female
Anastasia,agilluleya4@goo.gl,Female
Ly,litzkovicha5@surveymonkey.com,Male
Woodrow,wbulla6@gnu.org,Male
Brandise,bphillputa7@facebook.com,Female
Yale,ycantillona8@miibeian.gov.cn,Male
Atlante,asmutha9@mozilla.org,Female
Judy,jfellneeaa@freewebs.com,Female
Natassia,nparradiceab@netlog.com,Female
Zachery,zbraitlingac@baidu.com,Male
Jack,jtruggianad@google.com.au,Male
Brendon,bgeldartae@ehow.com,Male
Anna,awimpressaf@ucoz.com,Bigender
Dalton,dmulranag@geocities.jp,Male
Corbett,chissettah@sina.com.cn,Male
Myles,mlumleyai@indiatimes.com,Male
Stefanie,sjerrandaj@g.co,Female
Antonio,aschruursak@behance.net,Male
Cullin,cibbersonal@about.com,Male
Seana,spagenam@joomla.org,Female
Anthony,ajanataan@abc.net.au,Male
Mill,mstraceyao@liveinternet.ru,Male
Randal,rhuddlestoneap@google.co.jp,Male
Harlene,hmanntschkeaq@unicef.org,Female
Trula,tibbesonar@desdev.cn,Female
Jeri,jhubbardas@nifty.com,Female
Damon,drufflerat@vinaora.com,Male
Germain,gsimonnetau@cornell.edu,Agender
Jemmie,johernav@ucla.edu,Female
Paulita,pardlingaw@mashable.com,Agender
Carlene,ctwohigax@tripadvisor.com,Female
Kiele,kpirouetay@cocolog-nifty.com,Female
Georg,gjevonaz@uol.com.br,Male
Lilllie,lleaknerb0@howstuffworks.com,Female
Jayme,jvillaretb1@loc.gov,Male
Catharine,cgyppesb2@dot.gov,Female
Dylan,dthorbyb3@nifty.com,Male
Stillman,sdoweb4@fc2.com,Male
Cherin,cdewsburyb5@icq.com,Female
Bailey,bdruelb6@tinyurl.com,Male
Malissa,mkaineb7@edublogs.org,Female
Eudora,eattawayb8@hostgator.com,Female
Emlyn,ewillacotb9@facebook.com,Female
Brook,bridwoodba@ezinearticles.com,Male
Harriet,hbagshawebb@mozilla.org,Female
Sherlocke,smaundbc@hhs.gov,Male
Rufe,rdalmeidabd@wikipedia.org,Genderqueer
Rand,rstuckesbe@xinhuanet.com,Agender
Otha,omeighbf@sciencedirect.com,Female
Irwinn,ibernardinobg@washingtonpost.com,Bigender
Ediva,ekasbyebh@digg.com,Female
Fee,fschlagbi@ihg.com,Male
Lindsay,lmaliabj@geocities.com,Male
Thomasine,tmatyushkinbk@sina.com.cn,Female
Zilvia,zantrambl@abc.net.au,Female
Obed,odaffeybm@tumblr.com,Male
Pris,pgrinovbn@storify.com,Female
Devora,dmcpikebo@nationalgeographic.com,Female
Jayme,jaymesbp@hud.gov,Female
Jackqueline,jreahbq@kickstarter.com,Bigender
Roslyn,rcortenbr@dell.com,Female
Junette,jaberchirderbs@cornell.edu,Female
Reggie,raudreybt@newsvine.com,Male
Shirleen,sdulybu@people.com.cn,Female
Quintana,qmartschkebv@independent.co.uk,Female
Cass,cgettonebw@homestead.com,Male
Laughton,lgammackbx@unicef.org,Male
Waylon,wleatonby@state.tx.us,Male
Ludwig,lzecchinellibz@yelp.com,Male
Kristan,kbygreavesc0@wikia.com,Female
Hanan,hmccayc1@state.tx.us,Male
Liva,lapfelmannc2@cafepress.com,Female
Corrie,cdibbsc3@vkontakte.ru,Female
Jane,jpicknettc4@people.com.cn,Female
Joell,jmenic5@reference.com,Female
Colver,ccaddellc6@ebay.co.uk,Male
Terri,tbyrdc7@4shared.com,Female
Ryann,rgallahuec8@hp.com,Female
Westbrooke,wbeinkec9@home.pl,Male
Onida,omurdieca@chron.com,Female
Luce,lbriztmancb@behance.net,Genderfluid
Orville,otyecc@washington.edu,Male
Padriac,pwolversoncd@home.pl,Male
Mommy,msmithsonce@epa.gov,Female
Kerr,kbenazetcf@fotki.com,Male
Brett,bweylandcg@desdev.cn,Genderfluid
Kylila,kcardenosoch@economist.com,Bigender
Jessie,jpennycookci@pinterest.com,Female
Lib,lmckerncj@uol.com.br,Non-binary
Madelyn,mmathelyck@biglobe.ne.jp,Female
Perren,pgreetcl@prnewswire.com,Male
Merilee,mhammellcm@ning.com,Female
Filberte,fbranstoncn@photobucket.com,Polygender
Gardie,gdiemco@mysql.com,Male
Emanuele,edurbincp@linkedin.com,Male
Puff,pevacq@columbia.edu,Male
Christalle,cmcduallcr@theatlantic.com,Female
Stevy,snylandcs@dot.gov,Agender
Wallie,wmcalroyct@state.tx.us,Male
Upton,udriffieldcu@bing.com,Polygender
Brander,bormancv@indiatimes.com,Male
Nixie,ncaushcw@deliciousdays.com,Female
Tabitha,teulcx@gov.uk,Female
Wenonah,wcaughtcy@squarespace.com,Genderfluid
Bride,bbloodcz@berkeley.edu,Female
Debi,dkewd0@princeton.edu,Female
Teena,tsummerlyd1@drupal.org,Female
Glynnis,ghowsind2@illinois.edu,Female
Hewitt,hdearnessd3@topsy.com,Male
Onofredo,obenneyworthd4@github.com,Male
Mimi,meacottd5@ft.com,Female
Dav,dmcelroyd6@scientificamerican.com,Male
Barty,bconsidined7@opensource.org,Male
Pauly,pthorneloed8@rediff.com,Male
Sharai,sthistletond9@sohu.com,Female
Kellia,kbucknillda@foxnews.com,Female
Phil,pcowarddb@nps.gov,Female
Sayre,sglassarddc@nba.com,Male
Grove,gbathdd@soundcloud.com,Male
King,kandorde@jiathis.com,Male
Ashien,awalteringdf@baidu.com,Female
Blondell,bmackleydg@ucoz.com,Female
Alison,abraghinidh@sakura.ne.jp,Agender
Pierce,pshirlawdi@aboutads.info,Male
Tibold,tdybelldj@last.fm,Male
Abbey,awoofdk@aol.com,Male
Reta,rgrishukhindl@theguardian.com,Female
Adams,afritscheldm@ezinearticles.com,Male
Solomon,sokierandn@sakura.ne.jp,Male
Edan,emccuaigdo@odnoklassniki.ru,Male
Kerk,ksnelledp@nsw.gov.au,Male
Creighton,csyphasdq@4shared.com,Male
Thaddeus,tmclanaghandr@imdb.com,Male
Dexter,dbertomeuds@wired.com,Male
Jessi,jdidomenicodt@studiopress.com,Female
Dee dee,dgriptondu@wordpress.com,Female
Kelli,kenochdv@51.la,Female
Lief,lferrimandw@virginia.edu,Male
Sloan,sdavsondx@w3.org,Male
Cornelle,cciepluchdy@accuweather.com,Female
Alika,aloddydz@patch.com,Female
Lillis,lkettone0@altervista.org,Polygender
Jennine,jjunese1@seesaa.net,Female
Vale,vdunstone2@goo.gl,Male
Gerick,gbillowse3@simplemachines.org,Male
Ax,abissekere4@mlb.com,Male
Daren,dgoodboddye5@forbes.com,Male
Lincoln,ltullye6@twitter.com,Male
Artus,aladburye7@house.gov,Male
Gerry,gbaumanne8@blogger.com,Genderqueer
Zara,zberrye9@weather.com,Female
Coreen,cheijneea@hatena.ne.jp,Female
Allyson,amugglestoneeb@miitbeian.gov.cn,Female
Alessandro,ahaldeneec@studiopress.com,Male
Isabella,ierringtoned@patch.com,Female
Nikaniki,ngaleee@bing.com,Female
Kaspar,kromaoef@craigslist.org,Male
Staffard,shickissoneg@cnbc.com,Male
Hamlen,heirwineh@reddit.com,Male
Emilia,eshippeyei@vkontakte.ru,Female
Nariko,nbertheletej@parallels.com,Female
Nicole,naldersonek@prweb.com,Female
Godart,gminichiel@oaic.gov.au,Male
Keenan,ksteffensem@jugem.jp,Male
Aileen,awestpfelen@phpbb.com,Female
Robyn,rcahalineo@twitpic.com,Female
Amy,aallainep@newsvine.com,Female
Demetris,dangroveeq@behance.net,Female
Judah,jgerriessener@skyrock.com,Male
Annabella,adesvigneses@plala.or.jp,Female
Rodi,rjiriet@taobao.com,Female
Dyanne,dtrigwelleu@plala.or.jp,Female
Mellicent,mdoleyev@imgur.com,Female
Emylee,ewherrettew@ocn.ne.jp,Female
Ashil,atincombeex@devhub.com,Female
Estelle,esprionghalley@jugem.jp,Polygender
Evaleen,erosboroughez@dmoz.org,Female
Freddy,fdunbobinf0@vinaora.com,Female
Katleen,kbaumfordf1@webnode.com,Female
Elia,econnorf2@ycombinator.com,Male
Berky,bengallf3@alexa.com,Male
Haley,hswinburnf4@mit.edu,Female
Alie,aibotsonf5@google.com.hk,Female
Rickie,rmeneof6@desdev.cn,Male
Pooh,pgrantf7@infoseek.co.jp,Female
Shay,scastellinof8@symantec.com,Male
Thorpe,tmcclaurief9@google.ru,Male
Forester,fraouxfa@about.com,Genderqueer
Sheelagh,struscottfb@t.co,Female
Caitrin,cduffitfc@goodreads.com,Polygender
Anne-marie,aoppyfd@nhs.uk,Genderqueer
Matias,mlongmeadfe@google.it,Male
Cheslie,choundsonff@oaic.gov.au,Female
Adrian,acondliffefg@cloudflare.com,Female
Woodie,wmohammadfh@themeforest.net,Male
Larry,lscathardfi@illinois.edu,Male
Kelby,kstpierrefj@vistaprint.com,Male
Ives,itrattonfk@elpais.com,Male
Maddalena,mheindlfl@scribd.com,Female
Galven,gtunuyfm@blogger.com,Male
Harp,hhalmkinfn@123-reg.co.uk,Male
Ranee,rcarleyfo@youku.com,Female
Jeremy,jvliesfp@hao123.com,Male
Peggi,ppiggotfq@fastcompany.com,Female
Ebony,ejeannetfr@newyorker.com,Female
Benetta,bcowitzfs@earthlink.net,Female
Cesya,csargeauntft@google.com.br,Female
Rene,rasmanfu@google.com.br,Male
Debby,dellandfv@answers.com,Genderfluid
Rozanna,rhullesfw@4shared.com,Female
Anthia,asimeonfx@jugem.jp,Female
Leshia,lthorpefy@berkeley.edu,Female
Juieta,jalsobrookfz@google.com.br,Female
Isaak,irawseng0@newyorker.com,Non-binary
Gawen,glarkingg1@harvard.edu,Male
Nancie,nklouzg2@youtu.be,Female
Sayers,sfreemang3@cbsnews.com,Male
Harriet,hcawthrong4@usatoday.com,Female
Fallon,fexrolg5@wisc.edu,Female
Guenna,gdwyrg6@mapquest.com,Genderqueer
Florentia,fmclemang7@mashable.com,Agender
Benson,bgeaterg8@oracle.com,Male
Francene,ftingcombg9@woothemes.com,Female
Isiahi,iklosserga@example.com,Male
Rochelle,rdulakegb@npr.org,Bigender
Reinwald,rgearegc@mlb.com,Male
Constantin,cdsouzagd@seesaa.net,Male
Torry,tbirdsge@smh.com.au,Male
Chlo,cwestnagegf@sfgate.com,Female
Hillary,hwhitlockgg@cafepress.com,Male
Louie,lsholemgh@tiny.cc,Male
Mildrid,msatfordgi@studiopress.com,Female
Iona,irickesiesgj@auda.org.au,Female
Marylinda,moutrightgk@accuweather.com,Non-binary
Jerrome,jduesberrygl@ask.com,Male
Reginald,rjelkgm@yolasite.com,Male
Killian,kdessongn@amazon.com,Male
Manny,mcarelessgo@jigsy.com,Male
Korey,kbavridgegp@indiatimes.com,Male
Valera,vduftongq@nps.gov,Female
Sile,smerguegr@edublogs.org,Female
Merrill,mlottgs@livejournal.com,Male
Ted,tlistongt@whitehouse.gov,Female
Marrilee,mgrumbridgegu@dailymail.co.uk,Polygender
Perl,phaisellgv@mayoclinic.com,Female
Boone,bburgoingw@loc.gov,Male
Baxy,bwardlowgx@feedburner.com,Male
Rogerio,rdunphygy@si.edu,Male
Lauree,lbrunetgz@yahoo.com,Female
Misha,mosheah0@feedburner.com,Female
Myranda,mspeersh1@biblegateway.com,Female
Griff,gsizeyh2@oracle.com,Male
Rafaello,rlittlefairh3@theglobeandmail.com,Male
Claus,cgrabbanh4@latimes.com,Male
Currie,cgrishelyovh5@csmonitor.com,Male
Thebault,tvertyh6@adobe.com,Male
Westley,wdearanh7@slashdot.org,Male
Nanci,nsettleh8@sciencedaily.com,Female
Patricia,pduddyh9@mozilla.org,Female
Hallie,hhollidgeha@theatlantic.com,Genderfluid
Lewes,lmedfordhb@google.it,Bigender
Smitty,sveldstrahc@w3.org,Male
Brittani,bpattingtonhd@yellowbook.com,Female
Sigismund,smugfordhe@patch.com,Male
Tabatha,tlosselyonghf@newyorker.com,Female
Geoff,gfalcohg@illinois.edu,Male
Merry,mbrittinhh@bloglovin.com,Male
Teodoro,thovendenhi@house.gov,Male
Tara,tpennettahj@topsy.com,Female
Chaddie,ccohrhk@youtu.be,Male
Niko,nhubnerhl@paginegialle.it,Male
Winni,wsteninghm@1688.com,Female
Rodge,rgeibelhn@biblegateway.com,Male
Prudence,pskellionho@businessinsider.com,Female
Konrad,keglesehp@drupal.org,Male
Janis,jsollnerhq@hatena.ne.jp,Female
Cosmo,cflaunierhr@flickr.com,Male
Carree,cgilbeyhs@altervista.org,Female
Arther,amcgrailht@reverbnation.com,Male
Saul,ssewellhu@java.com,Male
Noak,npennazzihv@amazon.co.uk,Male
Etta,edunnicohw@latimes.com,Female
Nerte,nklosserhx@feedburner.com,Genderfluid
Lorin,loglessanehy@forbes.com,Male
Kendal,kmcgiveenhz@virginia.edu,Male
Keane,kgahagani0@answers.com,Male
Augie,agabeyi1@fotki.com,Male
Ryann,rcammomilei2@elegantthemes.com,Female
Kora,kbaldreei3@ocn.ne.jp,Female
Sid,sdoggrelli4@360.cn,Male
Tomasine,taugeri5@i2i.jp,Female
Ashlen,asermani6@mapy.cz,Female
Roxane,ryurkiewiczi7@nifty.com,Female
Trescha,tmarlandi8@w3.org,Female
Sergent,smollenei9@merriam-webster.com,Male
Anna,aborringtonia@dagondesign.com,Female
Blakelee,bcorstorphineib@cpanel.net,Female
Jefferey,jmuselliic@blogs.com,Male
Pearce,pdissmanid@cnn.com,Male
Guillaume,gbrimhamie@is.gd,Male
Ofella,okencottif@paginegialle.it,Female
Gerta,gdableig@desdev.cn,Female
Fabiano,fdebrettih@ameblo.jp,Male
Arman,aclowneyii@fotki.com,Male
Nathan,nserjentij@vkontakte.ru,Male
Floris,fpooltonik@netvibes.com,Female
Gabriele,gkitleeil@nymag.com,Male
Abeu,aandryszczakim@ft.com,Agender
Jamesy,jhedworthin@imgur.com,Male
Devina,dgoodliffio@newsvine.com,Female
Ellen,ehaythornip@squarespace.com,Female
Bronny,bsibbertiq@hc360.com,Male
Stavro,sraveauir@gnu.org,Male
Briana,bspinleyis@cargocollective.com,Female
Derek,dgrundeyit@hao123.com,Male
Fredric,fpetrussiiu@discuz.net,Male
Bonita,bweinhamiv@storify.com,Female
Kellen,klidgertoniw@diigo.com,Male
Ambrosius,abrasierix@ft.com,Male
Del,dashbyiy@aol.com,Female
Giffie,ghobleiz@uiuc.edu,Male
Celesta,cglawsopj0@blog.com,Female
Albertina,atobyj1@merriam-webster.com,Female
Lew,lphantj2@answers.com,Male
Pietro,pburkertj3@dyndns.org,Male
Calida,cshakshaftj4@seesaa.net,Female
Ardyth,abelliej5@webeden.co.uk,Female
Gilles,ggiacomuccij6@independent.co.uk,Male
Cherlyn,cburboroughj7@gnu.org,Female
Jayne,jchardj8@google.cn,Female
Ingemar,ilacottej9@constantcontact.com,Male
Nichols,nmurnameja@amazon.co.jp,Male
Carlynne,cgrzegoreckijb@bigcartel.com,Female
Marlo,mwillderjc@twitpic.com,Genderqueer
Ryon,rcreesejd@ebay.com,Polygender
Stefanie,sohoeyje@skyrock.com,Female
Wilton,whooksjf@weather.com,Male
Ros,ralexsandrovichjg@homestead.com,Female
Frederico,fbohlingolsenjh@gnu.org,Male
Colby,channigerji@prlog.org,Male
Ingunna,ifagencejj@shop-pro.jp,Female
Keelby,kcreavanjk@mashable.com,Male
Biron,bjeandilloujl@clickbank.net,Non-binary
Cathryn,curidgejm@dagondesign.com,Female
Pieter,pmcguffogjn@boston.com,Male
Chrystel,cmattiaccijo@blogs.com,Female
Lindsey,lmushrowjp@google.com.au,Female
Shelden,sbelliejq@ebay.com,Male
Giacinta,gbraunesjr@xinhuanet.com,Female
Con,cbaptistejs@ustream.tv,Male
Jaquenetta,jvanyushkinjt@printfriendly.com,Female
Joellen,jglaumju@usatoday.com,Female
Noell,nkilligrewjv@ucsd.edu,Female
Ker,kpadgettjw@reverbnation.com,Male
Hadlee,hsimesjx@blogger.com,Male
Athene,achasteaujy@time.com,Female
Walsh,wwarboyjz@eepurl.com,Male
Nissa,nmouncek0@spotify.com,Female
Rebeka,rfilipyevk1@csmonitor.com,Female
Grethel,grobezk2@tamu.edu,Female
Jamil,jkopeckak3@odnoklassniki.ru,Male
Dosi,dlaurensonk4@uiuc.edu,Female
Pammi,pizaack5@diigo.com,Female
Erv,eangusk6@naver.com,Non-binary
Shadow,sridgewellk7@wp.com,Male
Mose,mbeckinsalek8@vinaora.com,Genderqueer
Bryanty,bmurdyk9@wisc.edu,Male
Barn,bscaseka@altervista.org,Male
Kareem,kmelvinkb@admin.ch,Male
Tate,ttripettkc@economist.com,Female
Nate,npaddisonkd@123-reg.co.uk,Male
Alvinia,awillgresske@china.com.cn,Female
Coralie,cwanklingkf@nytimes.com,Female
Filberto,fdevauxkg@newsvine.com,Male
Nahum,nhauxbykh@va.gov,Male
Levy,lcudmoreki@seattletimes.com,Male
Keelby,kallboneskj@fc2.com,Male
Gustavo,gkitekk@indiegogo.com,Male
Carroll,camorkl@toplist.cz,Male
Ardene,atraskekm@google.es,Female
Judah,jgarrkn@discuz.net,Male
Tildi,tmackonochieko@answers.com,Female
Maribel,mmealekp@people.com.cn,Genderfluid
Jorrie,jrockallkq@techcrunch.com,Female
Iver,iblodgettskr@alexa.com,Male
Dorree,dtrueloveks@newsvine.com,Female
Aubine,agelemankt@google.es,Female
Jamesy,jsneydku@technorati.com,Male
Reamonn,rleadbeaterkv@google.com.br,Male
Geneva,gmcmychemkw@devhub.com,Female
Brok,bexpositokx@nbcnews.com,Male
Rafferty,rbowshireky@mtv.com,Male
Forest,ffriedenbachkz@home.pl,Male
Calley,cchitteml0@lulu.com,Female
Benedicto,bmilaml1@toplist.cz,Male
Nananne,nmcilvaneyl2@a8.net,Female
Wenonah,wferrantl3@tinypic.com,Genderqueer
Shannon,schealesl4@macromedia.com,Agender
Connie,ctanderl5@ocn.ne.jp,Genderfluid
Waylin,wwaterhowsel6@wsj.com,Male
Dorrie,dmacellarl7@list-manage.com,Female
Rakel,rfretterl8@umich.edu,Female
Kerwinn,klyosikl9@hc360.com,Male
Dora,dragbournela@ycombinator.com,Female
Briney,bschruyerlb@istockphoto.com,Female
Dorie,djiriecklc@multiply.com,Female
Kimble,kmacronaldld@etsy.com,Male
Janene,jandrusyakle@oracle.com,Female
Iorgos,iloxlylf@histats.com,Male
Leo,lfavellelg@fda.gov,Male
Amye,adrinkhilllh@oaic.gov.au,Female
Fannie,fsteinsonli@google.it,Female
Clayson,cdymottlj@cocolog-nifty.com,Male
George,glorkinglk@technorati.com,Male
Hymie,hbiddlell@google.it,Male
Carey,cboadbylm@samsung.com,Female
Roberto,rbirdwhistellln@ycombinator.com,Male
Mariette,mruckhardlo@yahoo.co.jp,Female
Melody,mcomiskeylp@sitemeter.com,Female
Joey,jcapponerlq@chronoengine.com,Female
Hadleigh,hadicotlr@creativecommons.org,Male
Gustavus,gcoursorls@dagondesign.com,Male
Timoteo,tellitlt@umich.edu,Male
Bette-ann,bhalfhydelu@upenn.edu,Agender
Filippo,fmacgounlv@jugem.jp,Male
Jaclin,jacremanlw@nhs.uk,Female
Roxie,rskatcherlx@chronoengine.com,Female
Bradney,bbluettly@dailymotion.com,Male
Brittni,baasaflz@goo.gl,Female
Faber,fmansfieldm0@altervista.org,Male
Sher,slobm1@jugem.jp,Female
Yevette,yjosefowiczm2@wiley.com,Female
Norah,nmottonm3@earthlink.net,Genderqueer
Hunfredo,hkiltiem4@surveymonkey.com,Male
Iseabal,irammem5@about.com,Female
Holly-anne,hruppelinm6@godaddy.com,Female
Jeramey,jdomninm7@simplemachines.org,Male
Rickey,rsalzbergerm8@salon.com,Male
Faina,fcornaum9@newyorker.com,Female
Tomaso,tmachentma@nasa.gov,Male
Alonso,agummoemb@live.com,Male
Edmon,emckeadymc@discuz.net,Male
Zita,zstotemd@answers.com,Female
Aprilette,awrankmoreme@trellian.com,Female
Janaye,jcasillasmf@quantcast.com,Genderqueer
Paolo,pantonopoulosmg@intel.com,Male
Gawen,gheinekingmh@zdnet.com,Polygender
Emmett,ehussetmi@free.fr,Male
Newton,ncolingmj@answers.com,Male
Miguel,mlemmersmk@engadget.com,Bigender
Melvin,mdencsml@walmart.com,Male
Josias,jlamswoodmm@bizjournals.com,Male
Michael,meddisonmn@cloudflare.com,Male
Andy,aomullaneymo@boston.com,Male
Morgen,mpoulsummp@hc360.com,Female
Udale,ukenealymq@vistaprint.com,Male
Giustino,gosemanmr@fema.gov,Male
Farlay,frapsonms@lulu.com,Male
Griffith,gsteffansmt@hugedomains.com,Male
Adi,afrentzmu@technorati.com,Female
Dacia,dpitrollomv@taobao.com,Female
Wes,wmccafferkymw@oaic.gov.au,Male
Eberhard,ewillemanmx@weebly.com,Male
Juli,jtourmellmy@umn.edu,Female
Blanche,bneilandmz@com.com,Female
Diann,dwyldern0@cpanel.net,Female
Raychel,rfealtyn1@diigo.com,Female
Dory,dsinkn2@webmd.com,Female
Dewitt,darmesn3@histats.com,Male
Erek,ejunkisonn4@meetup.com,Male
Helli,hkeesn5@networkadvertising.org,Female
Cirillo,choovartn6@wsj.com,Male
Evaleen,elewsonn7@discuz.net,Female
Cyndy,cvarnamn8@pinterest.com,Female
Lilas,lglewen9@cisco.com,Genderfluid
Rea,rmidsonna@acquirethisname.com,Female
Briny,bclaynb@disqus.com,Female
Katlin,kgorbellnc@whitehouse.gov,Female
Valencia,vmilbornnd@a8.net,Female
Jaquith,jlelievrene@webmd.com,Female
Gertie,gcuttinnf@merriam-webster.com,Female
Benny,bsmallng@dyndns.org,Male
Beckie,bmeaseynh@walmart.com,Female
Ddene,dpresterni@symantec.com,Female
Zack,zolnernj@ocn.ne.jp,Male
Ben,bmangionnk@vkontakte.ru,Male
Henrieta,hhourigannl@behance.net,Female
Alfy,atomczaknm@desdev.cn,Male
Amity,asalergnn@surveymonkey.com,Female
Mile,mfudgerno@scribd.com,Male
Rosella,ragirrenp@cnbc.com,Female
Kendall,kdrennannq@bandcamp.com,Male
Wilfred,wkinnettnr@google.com.br,Male
Maritsa,mwilsonens@illinois.edu,Female
Randee,rlohannt@joomla.org,Female
Tynan,tclynmannu@arizona.edu,Male
Dorisa,dstaddonnv@wiley.com,Female
Estel,eotimonynw@cnn.com,Female
Iggy,icomellinx@artisteer.com,Male
Byran,bovellny@github.io,Male
Zea,zlowthorpenz@cisco.com,Female
Moritz,mbraundto0@bigcartel.com,Bigender
Valaria,vdeporteo1@webs.com,Non-binary
Aldwin,awogdono2@wix.com,Male
Joann,jknibleyo3@booking.com,Female
Mervin,mdamiatao4@vimeo.com,Male
Lalo,lcanketto5@canalblog.com,Male
Cindy,cspellwortho6@reddit.com,Female
Pavel,psansomo7@desdev.cn,Male
Arden,alishmano8@patch.com,Female
Charlotte,cllelwelno9@taobao.com,Female
Nappy,nuzzelloa@nifty.com,Male
Karon,kserminob@imgur.com,Female
Nathanael,nsabathieroc@cnbc.com,Male
Titos,tpallyod@bluehost.com,Male
Dorene,dasprayoe@youku.com,Female
Percy,pkenwynof@biblegateway.com,Male
Lani,lspennockog@java.com,Female
Marc,maluardoh@homestead.com,Male
Jillane,jpollendineoi@illinois.edu,Female
Janeva,jburlandoj@usgs.gov,Female
Galen,gfleckneyok@twitpic.com,Male
Mendie,mtwyfordol@paypal.com,Male
Sutherland,sfransoniom@marriott.com,Genderqueer
Anny,aivashinnikovon@photobucket.com,Female
Lindsay,lcoghlanoo@un.org,Female
Jamie,jdickingsop@github.io,Female
Demetrius,dkupiszoq@ucsd.edu,Male
Aland,abollettior@fema.gov,Male
Doroteya,dcostiganos@bbc.co.uk,Female
Meg,mnorthleyot@homestead.com,Female
Ingemar,iwimpeneyou@mit.edu,Male
Danya,dpenderov@slideshare.net,Female
Alvira,aprettyjohnsow@unc.edu,Female
Bogart,bacremanox@wufoo.com,Male
Adeline,avandersonoy@sina.com.cn,Female
Allyn,ayooz@google.de,Bigender
Maure,mbodegap0@youtube.com,Genderfluid
Irwinn,istopherp1@chicagotribune.com,Male
Carolynn,cberrp2@flavors.me,Female
Rodger,rattonp3@uiuc.edu,Male
Cathe,ceddowesp4@exblog.jp,Female
Scottie,smacshirriep5@ebay.co.uk,Male
Roch,rogavinp6@msu.edu,Bigender
Rollins,rceaserp7@alexa.com,Male
Nigel,nternp8@artisteer.com,Male
Sutton,szealyp9@nyu.edu,Male
Sheela,smunbypa@gizmodo.com,Female
Abbot,aleaburnpb@nba.com,Male
Miles,mraingerpc@earthlink.net,Male
Dario,dricksonpd@si.edu,Male
Murray,mdomineype@parallels.com,Male
Colleen,cswansburypf@jugem.jp,Female
Estrella,esillspg@meetup.com,Polygender
Anjela,aferrettiniph@oracle.com,Female
Emmye,ebelbinpi@cloudflare.com,Female
Nonnah,nscroobypj@disqus.com,Female
Anselma,astandidgepk@cbc.ca,Female
Consuelo,cmanoellipl@wordpress.org,Female
Orsola,oansettpm@nationalgeographic.com,Genderqueer
Aggie,ateidemanpn@va.gov,Genderqueer
Yovonnda,ypowerpo@prnewswire.com,Female
Ara,awhitlowpp@boston.com,Male
Odo,osharplesspq@yahoo.co.jp,Male
Bard,bhembrypr@webeden.co.uk,Male
Timmy,tdolohuntyps@hhs.gov,Female
David,dchrippespt@soup.io,Male
Allix,adollimorepu@ning.com,Female
Cordy,cberettapv@pbs.org,Polygender
Alley,acliffpw@newsvine.com,Male
Lutero,lskellspx@rakuten.co.jp,Male
Conny,ccawderypy@com.com,Female
Davis,dlindhepz@tuttocitta.it,Male
Ofilia,olapwoodq0@aol.com,Agender
Norine,nasquezq1@goodreads.com,Female
Arvy,atolputtq2@smugmug.com,Male
Guss,ggeavesq3@opera.com,Male
Kristel,kscorthorneq4@ocn.ne.jp,Female
Mitch,msheltonq5@t.co,Agender
Gianna,ghardmanq6@msn.com,Female
Shaylyn,sjaukovicq7@china.com.cn,Female
Dougy,dranklinq8@angelfire.com,Male
Georgina,gmakiverq9@usatoday.com,Female
Rochell,rszymonwiczqa@stanford.edu,Female
Tobin,tmarquesqb@discovery.com,Male
Nefen,ncocklinqc@surveymonkey.com,Male
Justina,jpeplayqd@etsy.com,Female
Zach,zfitzsymondsqe@bloglovin.com,Male
Crosby,ceberleinqf@dropbox.com,Male
Brit,bslesserqg@epa.gov,Male
Dela,dgeraldezqh@ycombinator.com,Female
Rae,rliddyqi@macromedia.com,Female
Iris,ihadkinsqj@foxnews.com,Female
Doug,dbonifaceqk@state.tx.us,Male
Kerrill,kbendingql@nationalgeographic.com,Female
Bess,bfreschiqm@bizjournals.com,Female
Mendy,mmountlowqn@tinyurl.com,Male
Ibby,ibarefordqo@wunderground.com,Female
Jemmie,jgleaderqp@kickstarter.com,Female
Jaquith,jkaplinqq@tripadvisor.com,Genderqueer
Tessi,tthebesqr@icio.us,Female
Ethelin,ealbanqs@cornell.edu,Female
Lesli,lsproatqt@soundcloud.com,Female
Pauletta,pauldsqu@cdc.gov,Female
Willdon,wturnerqv@imageshack.us,Male
Malchy,mtarbornqw@theglobeandmail.com,Male
Nat,nextalqx@phpbb.com,Genderqueer
Obadias,oalmakqy@pinterest.com,Male
Alaine,arossbrookqz@smh.com.au,Female
Afton,afeltonr0@nifty.com,Female
Katine,kshetliffr1@redcross.org,Female
Amaleta,aboutsr2@artisteer.com,Female
Philippine,pdetocr3@theguardian.com,Female
Elisabet,ebaudoner4@upenn.edu,Female
North,nchittendenr5@godaddy.com,Male
Andreana,acarviller6@behance.net,Female
Dotty,dcrowchr7@tmall.com,Female
Steffi,syonger8@earthlink.net,Female
Evvy,ekiddyr9@twitpic.com,Female
Stafani,sbranchetra@mapy.cz,Female
Tova,tlorkingsrb@ezinearticles.com,Female
Lowell,ladhamsrc@ustream.tv,Male
Farand,fvannerrd@mysql.com,Female
Prent,prableaure@artisteer.com,Male
Cash,cgoszrf@diigo.com,Male
Syd,sbriteerg@gravatar.com,Male
Jeremie,joverstallrh@admin.ch,Male
Myrilla,mlewsamri@histats.com,Female
Miguel,mmacalorenrj@oakley.com,Agender
Minni,mhanleyrk@sfgate.com,Non-binary
Merrel,mmapesrl@altervista.org,Male
Rosamund,rrossiterrm@mlb.com,Agender
Flora,fnezeyrn@so-net.ne.jp,Female
Dareen,dneachellro@boston.com,Female
Dell,dofeeneyrp@goodreads.com,Female
Mayor,mbarendtsenrq@ucla.edu,Male
Mireielle,mwoollheadrr@live.com,Female
